rank,cadence,rainy_amount,rsi_threshold,contributions_cad,end_equity_cad,cagr,max_drawdown,hit_rate,rainy_total,rainy_hits,rainy_misses,years
1,weekly,150.0,40,104500.0,600967.3166441473,0.3354134676235889,-0.2747819714947244,0.6848484848484848,165,113,52,22.12183436002738
2,biweekly,150.0,45,104350.0,600906.6194250202,0.3354073703806817,-0.2746517321677677,0.8,140,112,28,22.12183436002738
3,weekly,100.0,45,104450.0,600678.687102882,0.3353844685491507,-0.2748777339399998,0.6525096525096525,259,169,90,22.12183436002738
