rank,cadence,rainy_amount,rsi_threshold,contributions_cad,end_equity_cad,cagr,max_drawdown,hit_rate,rainy_total,rainy_hits,rainy_misses,years
1,weekly,150.0,40,104500.0,600967.3271475489,0.33541346867864075,-0.2747818114847643,0.6848484848484848,165,113,52,22.12183436002738
2,biweekly,150.0,45,104350.0,600906.6362463088,0.33540737207051907,-0.2746515721126571,0.8,140,112,28,22.12183436002738
3,weekly,100.0,45,104450.0,600678.6998493482,0.3353844698301025,-0.2748775738120186,0.6525096525096525,259,169,90,22.12183436002738
