rank,cadence,rainy_amount,rsi_threshold,contributions_cad,end_equity_cad,cagr,max_drawdown,hit_rate,rainy_total,rainy_hits,rainy_misses,years
1,weekly,150.0,40,104500.0,600967.3189693174,0.335413467857149,-0.2747821325097237,0.6848484848484848,165,113,52,22.12183436002738
2,biweekly,150.0,45,104350.0,600906.6268773568,0.3354073711293306,-0.27465189309979243,0.8,140,112,28,22.12183436002738
3,weekly,100.0,45,104450.0,600678.6934858443,0.3353844691906043,-0.27487789495032144,0.6525096525096525,259,169,90,22.12183436002738
