rank,cadence,rainy_amount,rsi_threshold,contributions_cad,end_equity_cad,cagr,max_drawdown,hit_rate,rainy_total,rainy_hits,rainy_misses,years
1,biweekly,150.0,50,104200.0,609308.084081995,0.3361978542650419,-0.27488465884976576,0.6646706586826348,167,111,56,22.12457221081451
2,weekly,100.0,45,104450.0,607584.8275050874,0.33602681494559095,-0.27453474070820383,0.8284313725490197,204,169,35,22.12457221081451
