rank,cadence,rainy_amount,rsi_threshold,contributions_cad,end_equity_cad,cagr,max_drawdown,hit_rate,rainy_total,rainy_hits,rainy_misses,years
1,biweekly,150.0,50,104200.0,609308.083514862,0.336197854208828,-0.27488465897490943,0.6646706586826348,167,111,56,22.12457221081451
2,weekly,100.0,45,104450.0,607584.8251441249,0.33602681471094,-0.274534740783713,0.8284313725490197,204,169,35,22.12457221081451
