rank,cadence,rainy_amount,rsi_threshold,contributions_cad,end_equity_cad,cagr,max_drawdown,hit_rate,rainy_total,rainy_hits,rainy_misses,years
1,biweekly,150.0,50,104200.0,609308.0912350354,0.3361978549740474,-0.27488462283291004,0.6646706586826348,167,111,56,22.12457221081451
2,weekly,100.0,45,104450.0,607584.8319830365,0.3360268153906447,-0.2745347046494172,0.8284313725490197,204,169,35,22.12457221081451
