rank,cadence,rainy_amount,rsi_threshold,contributions_cad,end_equity_cad,cagr,max_drawdown,hit_rate,rainy_total,rainy_hits,rainy_misses,years
1,weekly,150.0,40,104500.0,600967.3232142925,0.3354134682835508,-0.2747818650037228,0.6848484848484848,165,113,52,22.12183436002738
2,biweekly,150.0,45,104350.0,600906.6303265871,0.3354073714758341,-0.27465162563837,0.8,140,112,28,22.12183436002738
3,weekly,100.0,45,104450.0,600678.6931827934,0.3353844691601493,-0.27487762735716026,0.6525096525096525,259,169,90,22.12183436002738
