rank,cadence,rainy_amount,rsi_threshold,contributions_cad,end_equity_cad,cagr,max_drawdown,hit_rate,rainy_total,rainy_hits,rainy_misses,years
1,biweekly,150.0,50,104500.0,618595.5055877643,0.33696763933337004,-0.2748844450963902,0.6666666666666666,168,112,56,22.132785763175907
2,weekly,100.0,45,104600.0,616850.2028339081,0.336796978253709,-0.2745345272042511,0.8284313725490197,204,169,35,22.132785763175907
